seq_len,dtype,hidden_size,num_heads,num_kv_heads,head_dim,triton_status,triton_time_ms,triton_peak_bytes,triton_peak_gib,pytorch_status,pytorch_time_ms,pytorch_peak_bytes,pytorch_peak_gib,max_abs_diff,projected_scores_gib,projected_scores_plus_probs_gib
1024,bfloat16,4096,32,8,128,ok,2.1902047872543333,16777216,0.015625,ok,0.1420415997505188,142606336,0.1328125,0.0078125,0.0625,0.125
2048,bfloat16,4096,32,8,128,ok,4.493036794662475,33554432,0.03125,ok,0.7145215988159179,553648128,0.515625,0.005859375,0.25,0.5
4096,bfloat16,4096,32,8,128,ok,8.854336166381836,67108864,0.0625,ok,2.3000992059707643,2181038080,2.03125,0.0029296875,1.0,2.0
8192,bfloat16,4096,32,8,128,ok,17.498431968688966,134217728,0.125,ok,10.565007972717286,8657043456,8.0625,0.00390625,4.0,8.0
16384,bfloat16,4096,32,8,128,ok,47.46374397277832,268435456,0.25,ok,24.58737907409668,34493956096,32.125,0.00244140625,16.0,32.0
32768,bfloat16,4096,32,8,128,ok,191.1021713256836,536870912,0.5,ok,100.710888671875,137707388928,128.25,0.001220703125,64.0,128.0
65536,bfloat16,4096,32,8,128,ok,753.007470703125,1073741824,1.0,oom,,,,,256.0,512.0
131072,bfloat16,4096,32,8,128,ok,2685.64150390625,2147483648,2.0,oom,,,,,1024.0,2048.0
